{
    "parent": "mechanization:base/manual/templates/text",
    "textures": {
		"0": "mechanization:base/manual/background",
        "1": "mechanization:base/manual/page_5/text",
        "2": "mechanization:base/manual/page_5/copper_ore",
        "3": "mechanization:base/manual/page_5/tin_ore",
        "4": "mechanization:base/manual/page_5/titanium_ore"
    },
    "elements": [
        {
            "name": "Cube",
            "from": [ 0.0, 0.0, 0.0 ], 
            "to": [ 16.0, 16.0, 0.0 ], 
            "faces": {
                "south": { "texture": "#0", "uv": [ 0.0, 0.0, 16.0, 16.0 ] }
            }
        },
		{
            "name": "Text",
            "from": [ 1.0, 1.0, 0.01 ], 
            "to": [ 15.0, 15.0, 0.01 ], 
            "faces": {
                "south": { "texture": "#1", "uv": [ 0.0, 0.0, 16.0, 16.0 ] }
            }
        },
		{
            "name": "copper_ore",
            "from": [ 1.25, 8.75, 0.01 ], 
            "to": [ 4.75, 12.25, 0.01 ], 
            "faces": {
                "south": { "texture": "#2", "uv": [ 0.0, 0.0, 16.0, 16.0 ] }
            }
        },
		{
            "name": "tin_ore",
            "from": [6, 8.75, 0.01 ], 
            "to": [ 9.5, 12.25, 0.01 ], 
            "faces": {
                "south": { "texture": "#3", "uv": [ 0.0, 0.0, 16.0, 16.0 ] }
            }
        },
		{
            "name": "titanium_ore",
            "from": [ 10.5, 8.75, 0.01 ], 
            "to": [ 14.0, 12.25, 0.01 ], 
            "faces": {
                "south": { "texture": "#4", "uv": [ 0.0, 0.0, 16.0, 16.0 ] }
            }
        }
    ]
}
