{
	"textures": {
		"texture": "mechanization:gadgets/tinker_table_gui"
	},
	"elements": [ 
		{
			"from": [ 0, 0, 16 ],
			"to": [ 16, 16, 16 ],
			"faces": {
				"north": { "uv": [ 0, 0, 16, 16 ], "rotation": 180, "texture": "#texture" },
				"south": { "uv": [ 0, 0, 16, 16 ], "texture": "#texture" }
			}
		}
	],
	"display": {
		"firstperson_lefthand": {
			"rotation": [ 0, 0, 0 ],
			"translation": [ 0, 0, 0 ],
			"scale": [ 0, 0, 0 ]
		},
		"gui": {
			"rotation": [ 0, 0, 0 ],
			"translation": [ 17.83, -17.69, 0 ],
			"scale": [ 3.70, 3.75, 3.70 ]
		},
		"ground": {
			"rotation": [ 0, 0, 0 ],
			"translation": [ 17.83, -17.69, 0 ],
			"scale": [ 0, 0, 0 ]
		}
	}
}