{
    "parent":"mechanization:base/model_block",
    "textures": {
        "0": "mechanization:base/2_ring",
        "1": "mechanization:machines/quarry_top",
        "2": "mechanization:base/2_smooth_panel",
        "3": "mechanization:base/2_plate_panel",
        "4": "item/diamond_pickaxe",
        "5": "mechanization:machines/mining_laser"
    },
    "elements": [
        {
            "name": "Side 1",
            "from": [ 0.0, 0.0, 0.0 ], 
            "to": [ 1.0, 16.0, 1.0 ], 
            "faces": {
                "north": { "texture": "#0", "uv": [ 0.0, 0.0, 16.0, 1.0 ], "rotation": 90 },
                "east": { "texture": "#0", "uv": [ 0.0, 0.0, 16.0, 1.0 ], "rotation": 90 },
                "south": { "texture": "#0", "uv": [ 0.0, 0.0, 16.0, 1.0 ], "rotation": 90 },
                "west": { "texture": "#0", "uv": [ 0.0, 0.0, 16.0, 1.0 ], "rotation": 90 }
            }
        },
        {
            "name": "Side 2",
            "from": [ 0.0, 0.0, 0.0 ], 
            "to": [ 1.0, 1.0, 16.0 ], 
            "faces": {
                "east": { "texture": "#0", "uv": [ 0.0, 0.0, 16.0, 1.0 ] },
                "west": { "texture": "#0", "uv": [ 0.0, 0.0, 16.0, 1.0 ], "rotation": 180 },
                "up": { "texture": "#0", "uv": [ 0.0, 0.0, 16.0, 1.0 ], "rotation": 270 },
                "down": { "texture": "#0", "uv": [ 0.0, 0.0, 16.0, 1.0 ], "rotation": 90 }
            }
        },
        {
            "name": "Side 3",
            "from": [ 0.0, 0.0, 0.0 ], 
            "to": [ 16.0, 1.0, 1.0 ], 
            "faces": {
                "north": { "texture": "#0", "uv": [ 0.0, 0.0, 16.0, 1.0 ] },
                "south": { "texture": "#0", "uv": [ 0.0, 0.0, 16.0, 1.0 ], "rotation": 180 },
                "up": { "texture": "#0", "uv": [ 0.0, 0.0, 16.0, 1.0 ], "rotation": 180 },
                "down": { "texture": "#0", "uv": [ 0.0, 0.0, 16.0, 1.0 ], "rotation": 180 }
            }
        },
        {
            "name": "Side 4",
            "from": [ 15.0, 0.0, 15.0 ], 
            "to": [ 16.0, 16.0, 16.0 ], 
            "faces": {
                "north": { "texture": "#0", "uv": [ 0.0, 0.0, 16.0, 1.0 ], "rotation": 270 },
                "east": { "texture": "#0", "uv": [ 0.0, 0.0, 16.0, 1.0 ], "rotation": 270 },
                "south": { "texture": "#0", "uv": [ 0.0, 0.0, 16.0, 1.0 ], "rotation": 270 },
                "west": { "texture": "#0", "uv": [ 0.0, 0.0, 16.0, 1.0 ], "rotation": 270 }
            }
        },
        {
            "name": "Side 5",
            "from": [ 15.0, 15.0, 0.0 ], 
            "to": [ 16.0, 16.0, 16.0 ], 
            "faces": {
                "east": { "texture": "#0", "uv": [ 0.0, 0.0, 16.0, 1.0 ], "rotation": 180 },
                "west": { "texture": "#0", "uv": [ 0.0, 0.0, 16.0, 1.0 ] },
                "up": { "texture": "#0", "uv": [ 0.0, 0.0, 16.0, 1.0 ], "rotation": 90 },
                "down": { "texture": "#0", "uv": [ 0.0, 0.0, 16.0, 1.0 ], "rotation": 270 }
            }
        },
        {
            "name": "Side 6",
            "from": [ 0.0, 15.0, 15.0 ], 
            "to": [ 16.0, 16.0, 16.0 ], 
            "faces": {
                "north": { "texture": "#0", "uv": [ 0.0, 0.0, 16.0, 1.0 ], "rotation": 180 },
                "south": { "texture": "#0", "uv": [ 0.0, 0.0, 16.0, 1.0 ] },
                "up": { "texture": "#0", "uv": [ 0.0, 0.0, 16.0, 1.0 ] },
                "down": { "texture": "#0", "uv": [ 0.0, 0.0, 16.0, 1.0 ] }
            }
        },
        {
            "name": "Side 7",
            "from": [ 0.0, 0.0, 15.0 ], 
            "to": [ 16.0, 1.0, 16.0 ], 
            "faces": {
                "north": { "texture": "#0", "uv": [ 0.0, 0.0, 1.0, 1.0 ] },
                "south": { "texture": "#0", "uv": [ 0.0, 0.0, 1.0, 1.0 ] },
                "up": { "texture": "#0", "uv": [ 0.0, 0.0, 1.0, 1.0 ] },
                "down": { "texture": "#0", "uv": [ 0.0, 0.0, 1.0, 1.0 ] }
            }
        },
        {
            "name": "Side 8",
            "from": [ 0.0, 15.0, 0.0 ], 
            "to": [ 16.0, 16.0, 1.0 ], 
            "faces": {
                "north": { "texture": "#0", "uv": [ 0.0, 0.0, 1.0, 1.0 ] },
                "south": { "texture": "#0", "uv": [ 0.0, 0.0, 1.0, 1.0 ] },
                "up": { "texture": "#0", "uv": [ 0.0, 0.0, 1.0, 1.0 ] },
                "down": { "texture": "#0", "uv": [ 0.0, 0.0, 1.0, 1.0 ] }
            }
        },
        {
            "name": "Side 9",
            "from": [ 15.0, 0.0, 0.0 ], 
            "to": [ 16.0, 1.0, 16.0 ], 
            "faces": {
                "east": { "texture": "#0", "uv": [ 0.0, 0.0, 1.0, 1.0 ] },
                "west": { "texture": "#0", "uv": [ 0.0, 0.0, 1.0, 1.0 ] },
                "up": { "texture": "#0", "uv": [ 0.0, 0.0, 1.0, 1.0 ] },
                "down": { "texture": "#0", "uv": [ 0.0, 0.0, 1.0, 1.0 ] }
            }
        },
        {
            "name": "Side 10",
            "from": [ 0.0, 15.0, 0.0 ], 
            "to": [ 1.0, 16.0, 16.0 ], 
            "faces": {
                "east": { "texture": "#0", "uv": [ 0.0, 0.0, 1.0, 1.0 ] },
                "west": { "texture": "#0", "uv": [ 0.0, 0.0, 1.0, 1.0 ] },
                "up": { "texture": "#0", "uv": [ 0.0, 0.0, 1.0, 1.0 ] },
                "down": { "texture": "#0", "uv": [ 0.0, 0.0, 1.0, 1.0 ] }
            }
        },
        {
            "name": "Side 11",
            "from": [ 15.0, 0.0, 0.0 ], 
            "to": [ 16.0, 16.0, 1.0 ], 
            "faces": {
                "north": { "texture": "#0", "uv": [ 0.0, 0.0, 1.0, 1.0 ] },
                "east": { "texture": "#0", "uv": [ 0.0, 0.0, 1.0, 1.0 ] },
                "south": { "texture": "#0", "uv": [ 0.0, 0.0, 1.0, 1.0 ] },
                "west": { "texture": "#0", "uv": [ 0.0, 0.0, 1.0, 1.0 ] }
            }
        },
        {
            "name": "Side 12",
            "from": [ 0.0, 0.0, 15.0 ], 
            "to": [ 1.0, 16.0, 16.0 ], 
            "faces": {
                "north": { "texture": "#0", "uv": [ 0.0, 0.0, 1.0, 1.0 ] },
                "east": { "texture": "#0", "uv": [ 0.0, 0.0, 1.0, 1.0 ] },
                "south": { "texture": "#0", "uv": [ 0.0, 0.0, 1.0, 1.0 ] },
                "west": { "texture": "#0", "uv": [ 0.0, 0.0, 1.0, 1.0 ] }
            }
        },
        {
            "name": "Top",
            "from": [ 1.0, 15.0, 1.0 ], 
            "to": [ 15.0, 15.01, 15.0 ], 
            "faces": {
                "up": { "texture": "#1", "uv": [ 0.5, 0.5, 15.5, 15.5 ] },
                "down": { "texture": "#2", "uv": [ 0.0, 0.0, 16.0, 16.0 ], "rotation": 90 }
            }
        },
        {
            "name": "Side 1-1",
            "from": [ 1.0, 1.0, 1.0 ], 
            "to": [ 15.0, 15.0, 1.01 ], 
            "faces": {
                "north": { "texture": "#3", "uv": [ 1.0, 1.0, 15.0, 15.0 ], "rotation": 90 },
                "south": { "texture": "#2", "uv": [ 0.0, 0.0, 14.0, 14.0 ] }
            }
        },
        {
            "name": "Side 2-2",
            "from": [ 1.0, 1.0, 15.0 ], 
            "to": [ 15.0, 15.0, 15.01 ], 
            "faces": {
                "north": { "texture": "#2", "uv": [ 1.0, 1.0, 15.0, 15.0 ], "rotation": 180 },
                "south": { "texture": "#3", "uv": [ 1.0, 1.0, 15.0, 15.0 ], "rotation": 90 }
            }
        },
        {
            "name": "Side 3",
            "from": [ 1.0, 1.0, 1.0 ], 
            "to": [ 1.01, 15.0, 15.0 ], 
            "faces": {
                "east": { "texture": "#2", "uv": [ 0.0, 0.0, 14.0, 14.0 ], "rotation": 90 },
                "west": { "texture": "#3", "uv": [ 1.0, 1.0, 15.0, 15.0 ] }
            }
        },
        {
            "name": "Side 4",
            "from": [ 15.0, 1.0, 1.0 ], 
            "to": [ 15.01, 15.0, 15.0 ], 
            "faces": {
                "east": { "texture": "#3", "uv": [ 1.0, 1.0, 15.0, 15.0 ] },
                "west": { "texture": "#2", "uv": [ 0.0, 0.0, 14.0, 14.0 ], "rotation": 270 }
            }
        },
        {
            "name": "Side 1-2",
            "from": [ 2.0, 2.0, 0.9 ], 
            "to": [ 14.0, 14.0, 0.91 ], 
            "faces": {
                "north": { "texture": "#4", "uv": [ 0.0, 0.0, 16.0, 16.0 ] }
            }
        },
        {
            "name": "Side 2-2",
            "from": [ 2.0, 2.0, 15.1 ], 
            "to": [ 14.0, 14.0, 15.11 ], 
            "faces": {
                "south": { "texture": "#4", "uv": [ 0.0, 0.0, 16.0, 16.0 ] }
            }
        },
        {
            "name": "Laser 1",
            "from": [ 7.0, -16.0, 7.0 ], 
            "to": [ 9.0, 15.0, 9.0 ], 
            "faces": {
                "north": { "texture": "#5", "uv": [ 0.0, 0.0, 16.0, 16.0 ] },
                "east": { "texture": "#5", "uv": [ 0.0, 0.0, 16.0, 16.0 ] },
                "south": { "texture": "#5", "uv": [ 0.0, 0.0, 16.0, 16.0 ] },
                "west": { "texture": "#5", "uv": [ 0.0, 0.0, 16.0, 16.0 ] }
            }
        },
        {
            "name": "Laser 2",
            "from": [ 7.0, -16.0, 7.0 ], 
            "to": [ 9.0, 15.0, 9.0 ], 
            "rotation": { "origin": [ 8.0, 8.0, 8.0 ], "axis": "y", "angle": 45.0 },
            "faces": {
                "north": { "texture": "#5", "uv": [ 0.0, 0.0, 16.0, 16.0 ] },
                "east": { "texture": "#5", "uv": [ 0.0, 0.0, 16.0, 16.0 ] },
                "south": { "texture": "#5", "uv": [ 0.0, 0.0, 16.0, 16.0 ] },
                "west": { "texture": "#5", "uv": [ 0.0, 0.0, 16.0, 16.0 ] }
            }
        }
    ]
}