{
	"parent": "boomber:carpet_on_stairs/blocks/block",
	"elements": [
		{
			"from": [0, 9, 7],
			"to": [8, 17, 8],
			"faces": {
				"north": {"uv": [0, 0, 16, 8], "texture": "#texture"},
				"east": {"uv": [0, 0, 1, 8], "texture": "#texture"},
				"south": {"uv": [0, 0, 16, 8], "texture": "#texture"},
				"west": {"uv": [0, 0, 1, 8], "texture": "#texture"},
				"up": {"uv": [0, 0, 16, 1], "texture": "#texture"},
				"down": {"uv": [0, 0, 16, 1], "texture": "#texture"}
			}
		},
		{
			"from": [8, 9, 8],
			"to": [9, 17, 16],
			"faces": {
				"north": {"uv": [0, 0, 1, 8], "texture": "#texture"},
				"east": {"uv": [0, 0, 8, 8], "texture": "#texture"},
				"south": {"uv": [0, 0, 1, 8], "texture": "#texture"},
				"west": {"uv": [0, 0, 8, 8], "texture": "#texture"},
				"up": {"uv": [0, 0, 1, 8], "texture": "#texture"},
				"down": {"uv": [0, 0, 1, 8], "texture": "#texture"}
			}
		},
		{
			"from": [0, 16, 8],
			"to": [8, 17, 16],
			"faces": {
				"north": {"uv": [0, 0, 16, 1], "texture": "#texture"},
				"east": {"uv": [0, 0, 9, 1], "texture": "#texture"},
				"south": {"uv": [0, 0, 16, 1], "texture": "#texture"},
				"west": {"uv": [0, 0, 9, 1], "texture": "#texture"},
				"up": {"uv": [0, 0, 16, 9], "texture": "#texture"},
				"down": {"uv": [0, 0, 16, 9], "texture": "#texture"}
			}
		},
		{
			"from": [0, 0, -1],
			"to": [16, 9, 0],
			"faces": {
				"north": {"uv": [0, 0, 16, 8], "texture": "#texture"},
				"east": {"uv": [0, 0, 1, 8], "texture": "#texture"},
				"south": {"uv": [0, 0, 16, 8], "texture": "#texture"},
				"west": {"uv": [0, 0, 1, 8], "texture": "#texture"},
				"up": {"uv": [0, 0, 16, 1], "texture": "#texture"},
				"down": {"uv": [0, 0, 16, 1], "texture": "#texture"}
			}
		},
		{
			"from": [16, 0, 0],
			"to": [17, 9, 16],
			"faces": {
				"north": {"uv": [0, 0, 1, 9], "texture": "#texture"},
				"east": {"uv": [0, 0, 16, 9], "texture": "#texture"},
				"south": {"uv": [0, 0, 1, 9], "texture": "#texture"},
				"west": {"uv": [0, 0, 16, 9], "texture": "#texture"},
				"up": {"uv": [0, 0, 1, 16], "texture": "#texture"},
				"down": {"uv": [0, 0, 1, 16], "texture": "#texture"}
			}
		},
		{
			"from": [0, 8, 0],
			"to": [16, 9, 8],
			"faces": {
				"north": {"uv": [0, 0, 16, 1], "texture": "#texture"},
				"east": {"uv": [0, 0, 8, 1], "texture": "#texture"},
				"south": {"uv": [0, 0, 16, 1], "texture": "#texture"},
				"west": {"uv": [0, 0, 8, 1], "texture": "#texture"},
				"up": {"uv": [0, 0, 16, 8], "texture": "#texture"},
				"down": {"uv": [0, 0, 16, 8], "texture": "#texture"}
			}
		},
		{
			"from": [8, 8, 8],
			"to": [16, 9, 16],
			"faces": {
				"north": {"uv": [0, 0, 8, 1], "texture": "#texture"},
				"east": {"uv": [0, 0, 8, 1], "texture": "#texture"},
				"south": {"uv": [0, 0, 8, 1], "texture": "#texture"},
				"west": {"uv": [0, 0, 8, 1], "texture": "#texture"},
				"up": {"uv": [0, 0, 8, 8], "texture": "#texture"},
				"down": {"uv": [0, 0, 8, 8], "texture": "#texture"}
			}
		}
	]
}