{
    "parent":"mechanization:base/model_block",
    "textures": {
        "0": "mechanization:base/1_plate_panel",
        "1": "mechanization:base/wrench"
    },
    "elements": [
        {
            "name": "Base",
            "from": [ 0.0, 0.0, 0.0 ], 
            "to": [ 16.0, 16.0, 16.0 ], 
            "faces": {
                "north": { "texture": "#0", "uv": [ 0.0, 16.0, 16.0, 0.0 ], "rotation": 180 },
                "east": { "texture": "#0", "uv": [ 0.0, 0.0, 15.9, 16.0 ] },
                "south": { "texture": "#0", "uv": [ 0.0, 0.0, 16.0, 16.0 ] },
                "west": { "texture": "#0", "uv": [ 0.0, 0.0, 15.9, 16.0 ] },
                "up": { "texture": "#0", "uv": [ 0.0, 0.0, 16.0, 15.9 ] },
                "down": { "texture": "#0", "uv": [ 0.0, 0.0, 16.0, 16.0 ] }
            }
        },
		{
            "name": "Panel 1",
            "from": [ -0.01, 4.0, 4.0 ], 
            "to": [ 16.01, 12.0, 12.0 ], 
            "faces": {
                "east": { "texture": "#1", "uv": [ 0.0, 0.0, 16, 16.0 ] },
                "west": { "texture": "#1", "uv": [ 0.0, 0.0, 16, 16.0 ] }
            }
        },
		{
            "name": "Panel 2",
            "from": [ 4.0, 4.0, -0.01 ], 
            "to": [ 12.0, 12.0, 16.01 ], 
            "faces": {
                "north": { "texture": "#1", "uv": [ 0.0, 0.0, 16.0, 16.0 ] },
                "south": { "texture": "#1", "uv": [ 0.0, 0.0, 16.0, 16.0 ]}
            }
        }
    ]
}