{
    "parent": "item/handheld",
    "textures": {
        "layer0": "item/leather_leggings",
		"layer1": "item/leather_leggings_overlay"
    },
    "overrides": [
		{"predicate": {"damaged": 0,"damage": 0.93421052631}, "model": "mechanization:gadgets/structural_leggings"},
		{"predicate": {"damaged": 0,"damage": 0.94736842105}, "model": "mechanization:gadgets/copper_leggings"},
		{"predicate": {"damaged": 0,"damage": 0.96052631578}, "model": "mechanization:gadgets/tin_leggings"},
		{"predicate": {"damaged": 0,"damage": 0.97368421052}, "model": "mechanization:gadgets/steel_leggings"},
		{"predicate": {"damaged": 0,"damage": 1.0}, "model": "mechanization:gadgets/titanium_leggings"},
		{"predicate": {"damaged": 1,"damage": 0}, "model": "item/leather_leggings"}
	]
}
